type,length,thickness,fault_flg
E,274.0273827080609,40.24113135955541,FALSE
D,86.31926860506081,16.906714630016268,FALSE
E,123.94038830419984,1.0184619943950775,FALSE
B,175.5548859820581,16.41492419553766,FALSE
B,244.93473950709702,29.061080805480326,FALSE
B,226.42651402498535,39.76380137107543,FALSE
C,331.63767138081164,16.83556687876311,FALSE
A,200.86544412142973,12.184256052452268,FALSE
C,276.38663112594,29.899611485794143,FALSE
E,168.44121347494632,1.2659187080578818,FALSE
D,218.13916499340675,33.135426544140174,FALSE
E,215.17899465921624,41.759894055925,FALSE
D,218.03781086105218,11.836329482556817,FALSE
E,218.31035175516993,39.578552506382096,FALSE
D,207.823248337103,38.70262664958969,FALSE
E,286.5369198078346,5.375502445849498,FALSE
C,239.28373738728132,18.94182599938993,FALSE
C,373.65493923939226,11.254800760032795,FALSE
E,200.11162531654514,17.974268660683798,FALSE
C,326.17473403044,44.30785200118088,FALSE
B,157.57258379849446,0.4094952977182832,FALSE
B,150.21745086752932,8.68243047042142,FALSE
C,358.6049964890586,25.70038793058324,FALSE
C,269.0064901225434,16.95754607182907,FALSE
B,202.54936868307078,None,FALSE
D,223.8061486183773,19.65076599420279,FALSE
B,263.8443236175642,34.66425112689404,FALSE
B,169.69060167970903,None,FALSE
A,131.8492130008828,4.721600725740606,TRUE
E,128.98976509702064,16.52324107337661,FALSE
A,129.36473599899992,21.34675161789608,FALSE
E,152.94506780863662,27.131257789174708,FALSE
C,346.54616383283997,48.70996664390531,FALSE
D,182.04448312700623,19.639671611070636,FALSE
D,213.51690023546848,0.40507508607405796,FALSE
C,404.84905403189265,77.90452539690342,FALSE
E,203.3789724035845,30.286454023638314,FALSE
B,153.1423844844125,1.1042176811849576,FALSE
B,150.3597566728907,10.995655308032106,FALSE
C,249.48182618153962,20.940242424866614,FALSE
E,257.433681577253,37.155603327316214,FALSE
D,157.4631657785049,11.166164875979595,FALSE
D,122.94688377457312,5.694126314045422,FALSE
E,110.24312505505979,19.16437137849868,TRUE
A,123.97574092996719,11.11885089456935,FALSE
A,206.45820360467988,21.847364311570736,FALSE
A,104.86781060935068,15.105854956804244,FALSE
A,75.30256190638286,8.513450352845439,TRUE
C,291.0735336950002,None,FALSE
C,288.0396816663782,31.281966613105748,FALSE
E,287.2983327070175,47.54781671353337,FALSE
D,104.65181439791326,20.912460012853227,FALSE
E,241.08699088925812,37.507705548862226,FALSE
C,165.92669682622548,10.528480866203369,FALSE
A,161.81286072933,21.091026028262746,FALSE
B,147.0516631303018,28.42914556216361,FALSE
C,205.87924010437325,24.90300841065806,TRUE
B,140.8254851670611,2.833780978264698,TRUE
B,107.94110529164146,14.740839675865846,FALSE
D,173.8363291787375,33.013553582942585,FALSE
C,420.50076171743666,24.532367458764725,FALSE
A,76.05711471764573,3.2319566258540813,TRUE
B,236.89949534862777,None,FALSE
B,144.68808736888585,7.515626168460633,FALSE
D,136.1546851481551,4.3625854602736345,FALSE
C,311.8230872503381,17.91054686731266,FALSE
B,108.03885367550481,15.539569874694372,FALSE
B,223.73233075892216,38.061697882166776,FALSE
E,108.46489952909994,16.108367889548845,FALSE
E,185.65288386489277,20.754535885686774,FALSE
B,235.8995031345596,None,FALSE
A,134.96381173131186,25.180639353713747,FALSE
A,155.00656422637937,24.332478356863145,FALSE
E,228.28985702160827,None,FALSE
C,198.27929646829995,5.1474517744680055,FALSE
C,398.78989518334157,26.542511199520792,FALSE
C,250.6802178171275,30.05890117201936,FALSE
D,147.5990273398508,3.1360977142376463,FALSE
E,111.99256484849072,14.126904289909115,TRUE
E,135.14751310629808,None,FALSE
E,135.4246726753018,8.509636970499477,FALSE
C,275.8231533561576,4.762868348399428,FALSE
D,147.14055097661648,13.318292043817781,FALSE
C,442.74556832458245,14.818581234241178,FALSE
D,154.63851034903456,17.594582980739172,FALSE
E,107.37081269849516,None,FALSE
C,172.44107083659745,28.611420196547584,FALSE
A,184.1531300907272,19.530491150326206,FALSE
E,139.84736306470762,2.21998668629528,FALSE
B,105.42136617287208,4.426386049272781,FALSE
B,187.09438649110072,15.73641632233555,FALSE
E,112.69846834317667,9.195637182375444,FALSE
E,184.15624370382275,17.77532310934013,FALSE
E,189.61066550943582,1.4196836870678458,FALSE
D,130.9276228576656,0.5316342549161275,FALSE
A,220.30027541145057,14.378683462344517,FALSE
E,186.89137580506622,4.784968021870715,FALSE
A,192.2432792880553,37.00231869727956,FALSE
B,273.4540921555194,51.79636808284756,FALSE
D,135.2950834791272,5.957147044998885,FALSE
D,206.07391472867945,34.25386380903721,FALSE
A,122.06327713557812,6.5370783279380325,FALSE
C,183.05835132946586,2.6284633893039278,TRUE
C,305.27923921124636,None,FALSE
B,124.96617125392027,None,FALSE
A,85.58651713160602,16.913542141855668,FALSE
B,205.07747157237208,None,FALSE
E,144.5950101587275,None,FALSE
D,183.6007241698206,9.074875401905167,FALSE
D,179.38001113639902,21.955081661227478,FALSE
A,171.57581061684604,14.950567454825627,FALSE
C,441.19360446645595,37.61933534106451,FALSE
C,201.11296382922467,37.075186010508936,FALSE
B,134.32584518240623,26.4590496131952,FALSE
E,287.42712454325795,13.345945052186211,FALSE
D,203.3928404754084,0.20667779404963674,FALSE
A,198.25136377031262,5.54082986347095,FALSE
D,116.02836851948598,22.63525453856518,FALSE
C,336.0910589948529,20.255376550608386,FALSE
D,83.8030350731645,1.1097150171814334,TRUE
D,117.44621272809795,10.372835238683308,FALSE
C,222.0601179554394,20.157416937552984,TRUE
C,335.72784080227865,53.28921156357479,FALSE
D,111.783328470986,7.267456952046255,TRUE
C,395.4901119642418,0.4512079693446999,FALSE
C,350.5048155764863,22.834785705885466,FALSE
D,169.49525679190128,29.855162883338483,FALSE
B,276.99322011736507,9.037740638046724,FALSE
C,386.77538179360766,70.16350221703631,FALSE
A,154.87547308917365,26.928494637116135,FALSE
A,92.95524230822379,6.848690585845599,FALSE
A,148.01178044926147,25.53671306347744,FALSE
D,146.69129374451325,2.7839582191343006,FALSE
B,211.8174261901986,31.568869742118554,FALSE
E,277.14850398314667,None,FALSE
C,293.5674423404435,35.73797524561954,FALSE
D,210.66168544415675,16.202948223622478,FALSE
D,191.8601182302172,None,FALSE
C,365.64397581083426,70.38147946802582,FALSE
D,181.67748430999592,7.508205166061077,FALSE
D,95.30062278013543,12.139418896590236,FALSE
D,132.3114240780354,1.5022670839970602,FALSE
E,233.59952851431441,38.54483499140335,FALSE
C,432.67910899730055,34.5291112331138,FALSE
E,265.878250915982,33.73454781598427,FALSE
C,449.3590679411487,41.34867258446619,FALSE
C,243.76683731593636,33.339714472430266,FALSE
E,259.1605492493467,19.272636938963426,FALSE
A,179.090494197538,32.17162952758487,FALSE
B,240.96633964709753,35.455406916026284,FALSE
D,94.73950856384967,None,FALSE
B,184.78574170019436,6.821274135388977,FALSE
A,142.51097451505518,27.780731198191095,FALSE
B,186.49113451593894,None,FALSE
B,297.40490674272667,50.85188700016212,FALSE
D,125.76350376779622,23.294053306095392,FALSE
A,172.47404981244293,6.085523871139938,FALSE
D,222.3680788516698,42.85800925596396,FALSE
D,182.72833641475904,14.346275313856134,FALSE
E,161.00172993275476,9.256134220009466,FALSE
D,156.62881693765218,30.943442069150176,FALSE
E,233.53914337652645,35.46332221101577,FALSE
D,167.0800068955421,None,FALSE
A,205.75607402497934,21.028264379908798,FALSE
E,137.6158229649801,15.399191366235856,FALSE
A,130.1031976232523,21.603102555939163,FALSE
E,189.04057875834596,19.834317062472994,FALSE
A,116.2596318766254,18.22924543754416,FALSE
D,186.24106677481075,1.0471512012511095,FALSE
C,395.9823762556979,47.18929706682076,FALSE
B,256.5604800398545,24.03646544766282,FALSE
A,89.6443971925737,6.3395742405795295,FALSE
D,224.06502723973142,26.029467446230065,FALSE
E,293.47729043740236,12.025740328381328,FALSE
E,159.91070898790537,3.7614003979713853,FALSE
C,198.04321967707057,None,FALSE
D,158.56708639458395,22.336028321678494,FALSE
D,137.10870842259186,13.928600159766322,FALSE
A,112.11052982220203,15.667248434621325,FALSE
A,83.3767892021455,2.79235317176508,FALSE
D,80.40460847292476,9.975336062759327,FALSE
D,127.316106912334,1.6067541938618985,FALSE
B,110.28180626944742,7.305177566049657,TRUE
D,209.08636313461398,36.723239392461544,FALSE
D,197.45595986216696,0.8286538054073834,FALSE
A,196.0363943133489,27.213593580538316,FALSE
B,259.328574630138,36.360959621964206,FALSE
C,220.38053032885554,40.68751567124865,FALSE
A,201.79240454662278,8.882872161962203,FALSE
D,145.71966597314398,22.07129023065622,FALSE
A,93.41014855457372,None,TRUE
B,225.06906223454843,41.232556229116696,FALSE
C,315.3101444920591,23.896895803044952,FALSE
A,192.26553002938022,6.970840480465558,FALSE
C,213.6023587469466,1.402309831970423,FALSE
A,199.3270412792168,9.612863235288081,FALSE
B,209.89086669849843,3.961737771769026,FALSE
A,166.59699282457936,15.861490317576669,FALSE
E,167.98445835589777,25.958578415233724,FALSE
C,228.04640765364712,16.601084862674004,FALSE
E,206.8161203946656,15.612306946703352,FALSE
D,144.76407468410707,None,FALSE
A,158.0265193352004,25.444785512364685,FALSE
E,272.32750478191895,53.559370991333374,FALSE
B,131.5124961432144,17.670215263131414,FALSE
D,201.45439993720098,None,FALSE
A,125.72775029484058,1.5638068168034296,FALSE
D,88.37043139650191,17.130411720172322,FALSE
A,77.41504433159932,None,FALSE
B,134.37089781979304,17.645075465428715,FALSE
B,164.341558152625,9.54903597542992,FALSE
B,188.7995498199183,30.2224276272213,FALSE
D,172.51507114175178,12.605518772470695,FALSE
A,130.021067594622,None,FALSE
A,221.05607750362836,34.479683154618364,FALSE
D,152.05095471677373,15.942663031935693,FALSE
D,82.94953621909109,9.10937377772457,FALSE
E,202.49988798552118,12.930346387177016,FALSE
A,216.7665875981211,36.62811776137307,FALSE
C,403.6624120942276,39.347925749760165,FALSE
A,97.66544972875876,0.7822711273634223,TRUE
D,167.4585783597638,28.701514994823945,FALSE
A,104.41589686311437,13.279129162674064,FALSE
A,217.48498987275852,8.724398492069875,FALSE
C,212.53516903068743,28.702218272249908,FALSE
A,168.97544369835393,12.019934377311504,FALSE
C,348.08100394098307,29.04142711158899,FALSE
D,184.36625840228672,12.497004313150404,FALSE
E,268.4622279082392,39.67984284777181,FALSE
B,169.51205324560817,30.644882096202508,FALSE
D,196.47435828727788,3.077978585938799,FALSE
D,119.9592963052381,12.895248416764483,FALSE
C,264.02893171300315,0.4503595431182392,FALSE
C,287.71122304233717,1.5607835638050944,FALSE
D,99.08763332219051,3.4455242709565317,FALSE
B,135.14285118586,1.5188626172384678,FALSE
E,116.86392515283184,8.915031537485712,FALSE
E,167.1048536103788,None,FALSE
A,77.77992746267778,7.479241990310379,FALSE
B,159.81183024669042,29.34753495489882,FALSE
B,254.6827094589986,3.066029350623094,FALSE
C,431.04970222542084,60.74967470369684,FALSE
C,152.1014157251312,None,FALSE
E,247.64182133492878,7.551174943933341,FALSE
B,253.16374026067993,48.972493540981155,FALSE
B,104.86125281160878,9.853331687770352,FALSE
B,147.87097768148752,None,FALSE
B,282.55714462221084,25.482254017460598,FALSE
B,271.5415593974805,0.7816951105784672,FALSE
D,189.22578104547387,10.336806090646911,FALSE
C,313.18523550351875,43.53065036916176,FALSE
E,124.65721099483127,4.9127478801857265,TRUE
B,124.57824440542957,13.79887339485421,FALSE
C,249.72479442224275,15.790019197411075,FALSE
C,278.69502667862895,38.98202635155265,FALSE
C,216.95221477129462,8.761811234759465,FALSE
C,237.92558074939734,13.372579987942581,FALSE
C,444.67931263087854,42.013577302760794,FALSE
D,186.83020888620058,12.921433092693116,FALSE
B,179.99012419979198,32.87844126095091,FALSE
C,375.10194436184486,24.891716687414917,FALSE
D,194.55611595547228,20.00360986921513,FALSE
C,175.42587044374645,26.715111773100464,FALSE
D,185.32184074043812,6.087063911786318,FALSE
A,197.46106189131424,1.3101775727470761,FALSE
B,248.11369537311435,3.1892130785746353,FALSE
B,287.2082816800235,None,FALSE
B,113.22667759333154,4.5186625518816,FALSE
E,209.29567921927398,2.0946479671634135,FALSE
D,116.04289303169747,3.9442482285061207,FALSE
A,154.01217331449865,26.108392566773926,FALSE
B,197.88336833258288,20.888574446351466,FALSE
B,190.1576564751496,4.814325875711222,FALSE
C,286.81207060641384,38.08482636323924,FALSE
D,187.4385054363639,26.246617792489538,FALSE
E,279.0283988551369,1.3602874583901134,FALSE
B,199.21098556044745,37.59430817944603,FALSE
C,182.66654909681628,1.721190548758925,FALSE
E,148.45018191104515,23.85725026258664,FALSE
E,208.65071869378528,26.067190432328076,FALSE
E,247.21078375350362,8.230367871619405,FALSE
C,417.16068083052227,4.699548244310972,FALSE
E,171.1515839822106,21.01976290975049,TRUE
A,107.69914816726647,7.890867103731776,FALSE
B,234.15037874326177,19.391543953303987,FALSE
C,360.0682106898267,57.48352486079564,FALSE
C,187.2248600466612,None,TRUE
E,122.87976776502492,13.335722061869548,FALSE
C,169.15796758058733,15.378846068731924,FALSE
B,128.93821334380826,2.058536887011366,FALSE
A,159.82765389392944,30.348724875661233,FALSE
A,80.73613199496745,5.970338841255748,FALSE
C,222.57574772059067,12.375805853561609,FALSE
C,211.64126019572214,34.44049512841125,FALSE
E,190.64432301517962,20.058112485942463,FALSE
D,171.25585435102334,23.889026948322016,FALSE
D,131.39523333432348,22.20185569214168,FALSE
D,118.94399246200982,1.2250185013869834,FALSE
A,137.0727479428532,3.8855986188997833,FALSE
A,153.10326537405794,24.751169179072605,FALSE
A,174.3826742294528,4.689129102953458,FALSE
D,207.18558058946354,0.500511630751021,FALSE
B,169.25303116554846,13.277954856460807,FALSE
A,75.88362582093326,0.2745711110871916,FALSE
D,216.87759704312882,21.149363690647057,FALSE
D,157.30921934982237,31.43990235649155,FALSE
C,413.9900450928955,33.21544968399704,FALSE
B,130.65714437819872,14.116983026599897,FALSE
A,178.56540165505544,16.791548428384186,FALSE
D,150.16148659080594,22.039022057655107,FALSE
C,402.97028109056595,43.88932235818536,FALSE
D,153.30459239345038,24.856900537067055,FALSE
D,114.33396459382934,0.6525654573005306,FALSE
C,392.0601534342931,65.03103512847075,FALSE
D,135.0621816289735,1.4163645109819072,FALSE
E,182.89039157143984,17.384506496049628,FALSE
C,447.61640324006027,None,FALSE
D,168.21725870237174,None,FALSE
A,94.11525410851812,0.698252239387123,FALSE
C,400.2900447096289,54.261007772075196,FALSE
E,119.88233799471608,17.070662163680012,FALSE
A,170.48916427940782,None,FALSE
C,343.58330326339416,8.526814682083918,FALSE
D,149.95198816668469,16.534586577007435,FALSE
D,121.65330305822413,15.74429224549285,FALSE
B,208.59842068223716,None,FALSE
B,210.3248512889281,12.881472361878648,FALSE
A,150.04822290030492,26.66953306697525,FALSE
D,212.2435064700426,None,FALSE
E,255.877028907436,39.1753384017763,FALSE
E,227.27695503587654,None,FALSE
A,81.47857818043462,8.840797938661387,FALSE
E,145.75762348602632,None,FALSE
B,156.8769455953419,3.143897111365951,FALSE
C,224.02795465224614,12.346579113593247,FALSE
D,133.6548731959509,14.720705511260132,FALSE
D,217.84582007082582,14.262493185023743,FALSE
E,143.65451537898807,None,FALSE
E,101.22432276314765,8.982363748277626,FALSE
A,100.5775110360288,7.273460296274569,FALSE
D,79.61904136378712,15.476531559463485,FALSE
D,170.4753709531508,10.759278508086977,FALSE
E,107.55878465113437,16.50800715169668,FALSE
C,300.6955359808912,59.39841421393333,FALSE
C,336.39809970196626,None,FALSE
A,129.01580284932623,9.712731833144467,FALSE
A,90.3712084741872,8.83605398644575,FALSE
C,324.51083361968944,23.909818778912783,FALSE
A,188.72957661256595,9.960879930008346,FALSE
A,108.30638630106503,2.4432044229897976,FALSE
B,133.4416362345252,24.216300379112038,FALSE
A,118.00285670899507,19.610152739035925,FALSE
A,206.4120392632094,None,FALSE
C,331.8639073825293,57.60912127508247,FALSE
D,187.18885848897926,25.82454206798356,FALSE
C,284.2388245482115,16.78279892041829,TRUE
C,375.0431383388814,11.973502715558473,FALSE
D,136.41714586705956,22.553293051446456,FALSE
B,251.87828780945495,46.57480625649631,FALSE
D,93.04430019194969,2.091097300811424,FALSE
E,139.1201580439073,12.39815798568987,FALSE
D,92.31578775453649,18.3463729812396,FALSE
C,317.8780474869255,37.934933170978596,FALSE
B,230.8058484120278,38.854667414057154,FALSE
A,120.8061342000009,17.671093219157882,FALSE
C,306.07928975333516,23.317298474252976,FALSE
D,177.69744897452208,None,FALSE
D,98.35427539593955,2.6030927572020213,FALSE
D,113.67867740159997,1.4151557040692744,FALSE
B,204.72115850671796,None,FALSE
A,78.75853407516513,15.49869524860132,FALSE
E,210.2880259904053,26.2939313434844,FALSE
B,245.7727229989941,26.228741187869254,FALSE
B,220.627644337854,None,FALSE
B,167.97257986270375,9.53013283766385,FALSE
E,228.6062658151084,38.02699319536465,FALSE
B,141.8415594941494,2.863472935242551,FALSE
E,293.89921009780886,14.851717465925478,FALSE
D,142.8873098813691,16.560486713281062,FALSE
D,113.33586981087157,None,FALSE
B,160.33065193931702,21.812057906304666,FALSE
C,173.26397906380592,15.627558752381997,FALSE
E,246.41442292347202,26.017388605901758,FALSE
C,195.11736564151084,20.26905277680145,FALSE
B,124.17616579566382,16.71449024879298,FALSE
A,183.86745335340996,31.886848645372382,FALSE
D,201.94525288601423,None,FALSE
C,239.69975325429854,42.06800836991797,FALSE
D,150.70907299087833,7.598372146724678,FALSE
D,223.63131811177306,28.328508846593625,FALSE
B,192.35415221999187,31.730929234311667,FALSE
E,212.85252080455638,15.30256606811659,FALSE
E,186.37314503050794,3.8796070969356453,FALSE
E,184.18500637359662,14.554634893195937,FALSE
D,179.61861500166987,28.689746163606994,FALSE
B,227.2711050150638,15.622442668065847,FALSE
C,182.74376025988548,24.04983931321551,FALSE
C,344.97843089809265,15.644446171695513,FALSE
A,178.39744785399293,29.412648550114426,FALSE
C,341.82162250647974,44.08144946194986,FALSE
B,275.9272895210726,10.257870305126414,FALSE
D,168.63056998498095,23.654529721830777,FALSE
A,153.1250427337138,None,FALSE
B,207.7786605485783,26.690754509354537,FALSE
D,101.66060667117868,5.140461133980973,FALSE
D,208.46831448154708,27.627507148460527,FALSE
A,89.46218712830056,None,FALSE
B,296.1090801510065,31.4779266993957,FALSE
E,185.66040744690315,7.755646098948935,FALSE
C,358.6558392233587,62.13829110306471,FALSE
B,227.1364926409425,4.610205225095966,FALSE
B,295.49619797368194,2.9684097613307556,FALSE
B,265.41839613230485,None,FALSE
C,197.2475309993757,None,FALSE
E,137.21259297202099,21.293353164851208,FALSE
A,81.28126309731415,7.551141168344654,FALSE
C,248.80909422483228,39.70436693757009,FALSE
C,217.85147547299323,39.14349236896299,FALSE
D,169.13275811491403,10.72756053663256,FALSE
E,139.5274492884095,15.968640800317097,FALSE
D,118.99106582338145,12.816692380104646,FALSE
D,136.5681381316286,16.941076837025584,FALSE
C,315.99599405179055,20.636442050371805,FALSE
E,126.3686828749949,8.256248278412667,FALSE
E,272.0859843051405,53.891502741907615,FALSE
B,153.36354282105992,3.046161192239356,TRUE
B,287.1463421071809,14.569316982205152,FALSE
D,169.5807984112058,24.973329329416693,FALSE
C,227.55338474764943,25.84846435180934,FALSE
D,188.76983833575156,13.94871011912559,FALSE
C,265.41695799720094,None,FALSE
C,221.31383421289777,31.17182652904944,FALSE
A,158.31161792455114,26.952945427378012,FALSE
E,179.33992864504322,10.372029243493317,FALSE
C,267.5921863283485,None,FALSE
A,220.10248916100034,14.76859534238138,FALSE
B,255.3442212142111,38.12844726663687,FALSE
D,107.64098848684982,9.61438734980708,FALSE
C,326.37400720172246,21.34090866622513,FALSE
B,172.47745563570697,33.77995061131518,FALSE
A,102.41083655098497,10.769344065173707,TRUE
A,101.85802420744739,19.221189307461362,FALSE
C,175.38277685377668,20.534609840155742,FALSE
C,265.2588855134129,42.77844208680097,TRUE
A,149.3742995501289,8.90211613611581,FALSE
C,292.400316923434,15.008952523367837,FALSE
C,250.31440332333034,30.320070636547445,FALSE
B,192.5968733746633,29.130976726246153,FALSE
C,432.4425227252385,8.052339461751668,FALSE
B,276.8772609288904,35.11722378145251,FALSE
C,183.90993152555853,None,FALSE
D,215.71374993963357,35.27338886128974,FALSE
C,435.1397005076295,0.6336282895682525,FALSE
E,143.97694960215475,3.707374834074689,FALSE
D,161.57860335713863,None,FALSE
E,287.1014655225966,46.43850011777623,FALSE
D,138.5244908973037,19.97904770330741,FALSE
D,192.25367207492778,36.460794902603965,FALSE
E,133.31176945048227,16.27352432747859,FALSE
B,255.50054056666295,None,FALSE
B,280.844287863659,5.57874842541539,FALSE
B,198.46295730163484,22.36986760356798,FALSE
E,299.3179738173012,22.076113398692595,FALSE
B,156.31575174960642,30.43898621717191,FALSE
C,228.24394601793628,None,TRUE
B,289.43386434133913,52.83892097240091,FALSE
E,283.71240713491216,46.56738760555428,FALSE
D,188.09968764307834,35.60108116388009,FALSE
D,108.64550919963801,18.06224493143369,FALSE
E,142.66228428879293,6.844932468964189,FALSE
D,85.67803134071796,16.156893059337314,FALSE
D,138.68403836311012,9.110012306901826,FALSE
D,88.81101426227663,3.727315369858479,FALSE
D,144.10094239215957,25.866516102171822,FALSE
B,249.8081482609356,20.082721595908538,FALSE
E,213.41750603205725,34.50983839440457,FALSE
C,340.32221867696666,None,FALSE
E,235.737083355212,33.968817643070636,FALSE
B,186.54611836052183,18.9889833046819,FALSE
C,312.1212692252877,61.48316680078914,FALSE
A,199.50070755932563,26.773345167990932,FALSE
C,182.67892643207688,10.136377451469299,FALSE
B,124.28706757516281,11.633319268498413,FALSE
D,129.7194653924398,None,FALSE
E,231.90468152952047,35.945535781802434,FALSE
E,232.80411120722633,4.666495744090174,FALSE
E,109.59971874093249,16.06299196760124,TRUE
E,244.76257767469423,None,FALSE
C,370.87569861234573,15.039706499216805,FALSE
A,125.57943672357321,5.634873394308934,FALSE
D,88.30151373318398,11.676207480360393,FALSE
C,320.0654470800362,51.32171422059528,FALSE
A,164.28393340855283,25.085919231155213,FALSE
E,107.82400069623603,17.04281726056836,FALSE
A,90.0574387620232,7.0517630974076155,FALSE
E,127.63996805806698,12.207534502022607,FALSE
D,166.63945731627769,3.9090901079880784,FALSE
A,192.8089653360709,4.621884060707805,FALSE
A,215.37361507964783,None,FALSE
B,175.8250831325282,10.59124589329608,FALSE
D,116.07547430195152,7.6467989705554285,FALSE
B,226.74231843651293,21.588925420449012,FALSE
A,98.95863978364986,8.197220987997255,TRUE
B,174.97540943389492,1.1046769558691372,FALSE
D,126.25042771922884,6.826802174768163,FALSE
E,258.69060214717,12.875047904601475,FALSE
A,101.3350618114158,12.458922601951496,FALSE
E,273.4819707832889,28.997639725883417,FALSE
A,134.11630198291274,23.867958468942735,FALSE
D,109.69676055815162,0.013035874139461714,FALSE
E,120.19623997754951,7.489862830915511,FALSE
D,88.10691582072734,None,FALSE
D,90.57467856371262,4.105199395892319,FALSE
E,182.1901103048649,None,FALSE
C,270.2923287032873,34.2127718635387,FALSE
B,227.90484107664284,25.90904169877654,FALSE
B,260.35456155978795,2.243417875300614,FALSE
B,276.3856775530298,29.412458528743237,FALSE
B,287.87650774768883,50.158402122227855,FALSE
C,388.131306575149,None,FALSE
E,274.0688721381259,26.725654909317846,FALSE
E,283.6986330511507,45.93650662286189,FALSE
E,256.3590053012493,44.48757628546763,FALSE
D,224.05095261692526,2.944326650780211,FALSE
A,223.62428880455565,37.56327730954695,FALSE
A,187.79689188374806,3.645561664380034,FALSE
C,173.16855813072493,None,FALSE
C,212.35417502329537,38.85799569769216,TRUE
E,156.2380143827257,23.344982894369277,FALSE
C,436.9025847982535,56.55246772325387,FALSE
E,245.17787893038349,11.31403744044786,FALSE
D,117.07069687303812,None,FALSE
C,237.19047364484936,9.612056157125057,FALSE
C,442.84211218096704,18.087154515225958,FALSE
D,113.98662847003682,7.565895095852063,FALSE
E,282.70846159783554,28.02708800897826,FALSE
A,76.98301385887092,1.506188132733428,FALSE
A,178.60238896354497,11.086862572469371,FALSE
B,158.40686046103085,23.55495515866883,TRUE
A,99.39704866985032,2.0125427004606204,FALSE
A,206.50812317805065,11.465866360010182,FALSE
A,150.59553695159974,28.55576671865764,FALSE
A,138.82275754743998,7.790929491425637,FALSE
B,258.168739565429,32.43132378846594,FALSE
C,347.44886342226425,39.03576973920477,FALSE
E,208.90609961348554,34.059907634584405,FALSE
B,216.61139854995835,23.869966116088325,FALSE
A,198.98812947143776,31.631090013607206,FALSE
C,318.0105265175877,54.19304964282839,FALSE
E,130.05927152337873,1.121435374008816,FALSE
E,243.88158937274858,8.829334005953147,FALSE
D,90.55739322412889,5.868039594449331,FALSE
A,135.64884310012295,26.568182185104895,FALSE
B,111.94488196648955,3.7587189652158854,FALSE
A,191.7165400767972,29.25522144602931,FALSE
E,113.15311801421007,3.0854566373728254,FALSE
D,113.91176531793492,4.650570642042523,FALSE
B,262.05543320996725,42.350273187533176,FALSE
A,77.71972631696207,None,FALSE
C,300.2759119170169,57.28738466859606,FALSE
D,86.78219092596535,8.605863639790138,FALSE
B,275.6142745757352,43.09129244928963,FALSE
C,357.3359534488314,5.206874071526449,FALSE
B,188.43115452508655,25.38480135672273,FALSE
B,219.89848040979066,24.617991775990838,FALSE
D,106.15798508197905,17.91914305529652,FALSE
A,131.61703940142664,2.7384830507464084,FALSE
A,210.72098057179807,3.7571314043772137,FALSE
A,135.44017874653747,14.673517820504415,FALSE
A,222.91650269232943,26.59289359162161,FALSE
E,223.18399229398764,9.974557563882456,FALSE
A,204.99139285608507,3.630681850500358,FALSE
A,174.4195865241943,20.04236656640582,FALSE
A,217.7005258451181,0.1595361327581876,FALSE
A,86.62415146545902,4.41548834442763,FALSE
B,285.9009226434149,50.14750833326688,FALSE
B,135.8394230967716,23.63571702818135,FALSE
E,132.68697442033022,25.04269663949465,FALSE
C,281.7034611150913,9.063086725069393,FALSE
C,301.76445812593624,19.06989627956014,FALSE
A,147.4222053710491,19.57343475241877,FALSE
B,268.3020989786865,39.649930312287744,FALSE
D,114.4529996930904,15.31621241509092,FALSE
E,118.43897917378712,None,TRUE
D,111.37770232203933,3.149217616802598,FALSE
A,146.98259934997068,18.205163280766307,FALSE
E,125.72470876306072,8.491794017252126,FALSE
D,94.13759263384055,18.462935470406467,FALSE
B,282.73528073473545,4.9324153572489395,FALSE
D,75.504990054161,0.09087685703548269,FALSE
E,148.4645806047815,4.648168641377552,TRUE
A,125.35652837946863,22.218318243008728,FALSE
B,129.85904051798508,14.996412086744812,FALSE
C,380.2917849327798,66.27033480134469,FALSE
C,241.65761135349373,20.786215055759175,TRUE
C,248.44045102351885,45.69360796276293,FALSE
E,245.13104494606623,23.560772483792395,FALSE
E,206.84415440184947,21.913649425484266,FALSE
D,136.59479960280967,7.387359054097437,FALSE
B,216.00597409346233,17.940919249285056,FALSE
E,161.75170408630208,11.769122197934584,FALSE
D,139.27727753541052,None,FALSE
C,379.21695609970664,51.206266524392426,FALSE
A,151.74621272640815,2.7892153961903285,FALSE
D,206.4485307886867,1.4017457029496732,FALSE
A,99.53552277519093,1.2274482443605932,FALSE
A,133.48121509956545,26.59743467286162,FALSE
E,272.6561547490029,9.663023233624434,FALSE
E,296.2555064693217,31.202735070212857,FALSE
D,126.31886799922361,3.2597996327904077,FALSE
A,110.4323013680473,4.425012271315091,FALSE
E,212.80419123021704,22.173373346680833,FALSE
A,190.04048211260022,18.04549525258136,FALSE
D,102.58231027000626,2.99765641939882,FALSE
D,185.61406874951865,26.145881752823414,FALSE
C,223.18140524882793,9.16759358328273,FALSE
B,130.92983907281504,17.08157071207516,TRUE
A,216.72834133563074,19.422182765722898,FALSE
D,162.40205508945598,10.176641931889598,FALSE
A,112.37923789536133,8.088356547986296,FALSE
E,254.6008579782204,29.71998262599378,FALSE
E,190.7121143869129,16.62186296846547,FALSE
E,125.41324502840338,1.5352031683187515,FALSE
B,186.03121233895183,31.932719129875387,FALSE
C,173.73139826934977,None,FALSE
A,137.45204609137977,17.44096691359682,FALSE
D,141.67305289878396,0.5430909519812298,FALSE
C,163.60779214785626,18.380367294229302,FALSE
E,222.30923383712025,19.881096018036082,FALSE
D,116.37731779146677,5.193967265246129,FALSE
C,334.3002661115429,1.356885254864854,FALSE
C,225.69646572278577,None,FALSE
D,126.51711475709057,3.9322030111078092,FALSE
B,200.1426367558998,2.917706431761169,FALSE
A,196.01248232293804,36.405092837210496,FALSE
D,156.3323503919033,20.18800048669172,FALSE
A,123.33821363068805,6.4102977300584945,FALSE
C,189.9894694137953,None,TRUE
B,238.23712488792762,13.702290257080602,FALSE
A,133.68501060519716,4.270683418262321,FALSE
B,188.56350825493274,13.925530528130384,FALSE
A,105.21837329585144,10.212856949103436,TRUE
B,133.81442743404037,14.083715555638335,FALSE
B,186.70460015494538,8.851622978272932,FALSE
B,111.443724305395,8.64305882464712,FALSE
C,320.399547560562,5.250585502303135,FALSE
E,160.39920597808253,27.271862257513636,FALSE
D,170.51687194583076,28.487065333456165,FALSE
A,94.74445886220337,10.779649117115165,FALSE
D,207.25653492413946,None,FALSE
C,308.08248034574837,1.324231816115733,FALSE
A,143.62383900867613,25.514987232385817,FALSE
D,122.27966063047036,1.683997994833084,FALSE
B,273.3056657509438,10.883685816218161,FALSE
E,274.43446052870365,2.8230616583077826,FALSE
D,169.43596882402184,7.330509323432773,FALSE
C,338.64934003620806,34.90427806507544,FALSE
E,179.6447276671548,4.741571084186254,FALSE
D,81.88238448803843,6.4914128352406175,FALSE
E,260.4779089170417,34.92427890549084,FALSE
D,138.42357886592123,15.381174432098055,FALSE
D,208.4671647807284,33.77148941692029,FALSE
B,191.07350059087818,30.130794503146724,FALSE
E,115.11295197041886,14.902519547714077,TRUE
A,185.58511012338306,None,FALSE
E,229.0535441053558,27.472757913234464,FALSE
E,195.14217583969256,31.121755010864057,FALSE
D,106.71892100624916,1.5778921999083775,FALSE
C,282.74970647908947,20.86054400893735,FALSE
B,214.11207603129316,25.066070788250688,FALSE
A,178.75006330138604,35.397299110221574,FALSE
A,183.99787019792342,9.381390042582623,FALSE
B,125.76475168569468,22.35214953236266,FALSE
C,334.5591286256272,41.22180189163693,FALSE
A,220.31929899548427,26.535156052840755,FALSE
B,137.2177266430059,20.166985446633227,FALSE
A,167.05972261403286,None,FALSE
C,178.4308986287012,29.765522052512864,FALSE
A,161.14577390682993,5.5719518664430785,FALSE
B,222.9453304363674,28.04554325438124,FALSE
C,440.5959918485819,33.71173472626602,FALSE
B,286.94779399394247,26.396559046214556,FALSE
E,232.3340748440736,None,FALSE
E,199.79889711962508,10.13242927882478,FALSE
E,162.46304142619297,20.752649706172935,FALSE
A,85.31915546258698,7.21448507809645,FALSE
C,431.9916785670697,None,FALSE
E,182.36879787643562,29.108907327929323,FALSE
E,150.35181989735392,5.65042801749444,FALSE
A,80.76185448690316,None,FALSE
D,97.33126682737957,12.342680238290068,FALSE
E,170.70690280762236,31.542437580270228,FALSE
D,117.94264996522548,8.24722750181454,FALSE
E,161.30471269990545,16.62523936240053,FALSE
C,321.43727999712166,22.16872098917348,FALSE
A,122.87124431218852,5.410538841749446,FALSE
A,157.17515095760447,19.483342252396074,FALSE
C,276.21215725437645,None,FALSE
E,234.10357557542247,2.591562948506208,FALSE
D,131.11838134067486,25.227559832613444,FALSE
C,391.3738770315132,6.81491003795167,FALSE
E,265.135355666089,44.644477373757546,FALSE
E,114.2618396263339,None,FALSE
D,128.75370088932593,17.100825227835653,FALSE
C,330.1006951037495,30.931711185308153,FALSE
A,151.8369352912945,26.94762829090586,FALSE
E,147.6616561986468,6.782890459618558,FALSE
D,105.8195752051603,6.648954853976138,FALSE
D,122.70262664411418,None,FALSE
A,220.03687399658008,17.14762861043852,FALSE
C,210.06640765563193,37.69597898124002,FALSE
A,113.24509422538453,11.462704020370701,FALSE
C,165.89803034213497,24.549248196118498,FALSE
B,200.2312880698784,38.90474950765987,FALSE
D,178.1082497685306,8.314475597620799,FALSE
E,132.30517334506274,17.98541745046801,FALSE
D,176.7217098127648,15.90063391005345,FALSE
E,219.61070955419012,23.079695481853822,FALSE
A,119.21292240759611,20.60693473745961,FALSE
D,112.49866881340651,22.154958784929022,FALSE
D,160.2967372568803,15.542474404087416,FALSE
A,95.005621726984,9.715294074682776,TRUE
D,78.36462153636887,None,TRUE
C,314.9215708617336,5.093716390041613,FALSE
B,241.01487046402346,None,FALSE
A,147.9705499428945,25.624694676216965,FALSE
B,283.64673462791933,55.44975728611523,FALSE
D,103.29804756374601,7.292837312071433,FALSE
A,108.13189828185419,None,FALSE
D,121.14511777473717,21.402060191390973,FALSE
E,113.96283451290404,7.503614807639009,FALSE
B,275.1105208037062,None,FALSE
E,246.68609904343305,None,FALSE
C,439.0755386021682,48.683697396141,FALSE
D,127.75674171628437,20.208395550579635,FALSE
D,83.32451882791999,11.788731120470551,FALSE
D,215.98233339130218,34.27161429871506,FALSE
D,106.32030100215168,4.3931354941415295,FALSE
B,283.35014748606994,53.664532852426014,FALSE
D,100.64658175940664,1.1390955480644218,FALSE
E,132.41555137869912,23.496965783945743,FALSE
B,139.90977680700456,24.13012858918941,FALSE
C,207.09054794238529,31.423811633012193,TRUE
B,128.72985021397906,24.586655566742746,FALSE
C,369.0627148993908,None,FALSE
E,101.75329989323158,17.63371452199574,TRUE
A,84.28727171028537,14.615887705856133,TRUE
B,155.60613835201275,17.69000555160016,FALSE
E,206.64810232654648,39.008242202343,FALSE
B,262.0038227888311,9.144969710997136,FALSE
A,215.6295745162202,27.03030080889401,FALSE
C,377.5631007302206,28.66326242352193,FALSE
A,142.50532042856761,9.774176864925264,FALSE
A,208.42305669916647,13.938913838611754,FALSE
E,250.2511104629657,1.8603444813604813,FALSE
C,330.2943139960597,16.289410638210217,FALSE
B,210.8985834595553,3.948054166345886,FALSE
C,353.2491972543827,40.07724764997531,FALSE
B,219.39120327929223,32.07061128249533,FALSE
A,209.896717800584,10.209316106318811,FALSE
C,389.3596934090149,39.328748756092054,FALSE
D,199.45812690030664,30.298296621060498,FALSE
E,154.44392561360948,4.139273680327795,FALSE
A,162.74873041162255,None,FALSE
E,231.38519230867436,24.115838735189218,FALSE
C,377.21638561891757,70.67793969652712,FALSE
B,194.66795734536902,3.3476916291153955,FALSE
E,106.00251685470003,8.59732442269582,TRUE
B,287.82873813331315,42.146308423673986,FALSE
E,175.05701169606402,33.016952883985006,FALSE
E,137.1988535081923,27.329763437424827,FALSE
A,76.4392517267659,None,FALSE
E,138.02927535231936,16.897320850045368,TRUE
A,172.62436869086991,1.798476626146549,FALSE
B,236.4800169676312,2.622716662339424,FALSE
A,96.71832021077091,9.324310268309338,FALSE
B,201.09787731464274,None,FALSE
C,296.1061899676009,9.702763362404909,FALSE
D,114.62601507439334,22.880251144590535,FALSE
C,397.3550221122454,74.33245174175606,FALSE
D,83.21720998548908,12.456054373645662,TRUE
D,155.57032358510023,6.936035794608967,FALSE
A,144.46952709288294,2.9703832545340965,FALSE
C,282.86556239285926,5.711862171611535,FALSE
A,79.54073415803931,6.829705189211452,FALSE
D,147.48722423171756,8.898164394604976,FALSE
A,224.58101577838738,26.48209915966691,FALSE
D,146.72507157799873,4.037967432485401,FALSE
B,280.7744301826462,4.959568827616385,FALSE
D,205.26482672612596,13.778084252357473,FALSE
A,147.1434388355615,None,FALSE
A,105.9712066974151,17.466349295501114,FALSE
E,158.93376413816654,24.680033398947042,FALSE
B,247.1244583036496,None,FALSE
E,153.29028968468137,None,FALSE
C,427.5614452072261,9.839886285871543,FALSE
C,301.440337708747,8.283623514709898,FALSE
C,445.9009143529704,4.83610040292805,FALSE
A,86.78801455510269,None,FALSE
D,124.35868354980535,9.959564707101803,FALSE
D,123.12885059970284,12.268990102000714,FALSE
C,373.17285608526004,59.63290507294603,FALSE
E,256.57969917344775,24.888353683718915,FALSE
B,260.99838580652647,33.11777450846113,FALSE
A,168.14677999877847,18.654065575881386,FALSE
B,174.0261715272206,17.230051397131643,FALSE
C,423.8272215518413,4.608665175011109,FALSE
D,157.83788894570608,18.755988103239183,FALSE
E,192.02740843431997,6.698511930322157,FALSE
E,132.30720129020307,None,FALSE
B,239.7989287935002,45.141007655394745,FALSE
B,251.86932908377707,10.381541523229858,FALSE
C,338.5045928562612,21.59930881872727,FALSE
A,96.55148873267494,11.492651271376221,FALSE
B,131.5131276631727,None,FALSE
E,211.99594873890345,None,FALSE
C,411.5733268680487,None,FALSE
E,135.99655447559144,5.1333812177820555,FALSE
A,180.33006193823508,16.65360793719571,FALSE
D,108.79277152066591,4.665483385660665,FALSE
A,209.62419337985904,25.045039287018724,FALSE
D,140.44482282362878,20.61401889993105,FALSE
D,125.20440509049524,9.072587938336866,FALSE
C,168.66613846420913,15.671282338690528,FALSE
A,156.4565113683912,2.1875185002125357,FALSE
E,214.56664834202908,17.15064211463178,FALSE
B,262.9757801815773,10.60243905876862,FALSE
C,238.91092088714916,24.554218183703444,FALSE
E,240.80314832874876,None,FALSE
C,436.8612691459701,1.9478440589426584,FALSE
C,439.30576972332364,38.75356203987174,FALSE
A,184.85341862835463,30.187284821825397,FALSE
A,91.41124526108844,1.1008011886779656,FALSE
C,225.01786427933794,42.51331897151583,FALSE
D,208.57462301084982,20.806454394706904,FALSE
E,206.5796902460944,None,FALSE
E,234.8322404174871,12.793129506955896,FALSE
B,259.7546254712676,13.59720203594413,FALSE
B,184.96800442431913,7.187349048853086,FALSE
A,101.96284862618081,15.569730214172525,FALSE
C,247.12675809810523,None,FALSE
A,112.82900522653148,3.9665502744579237,FALSE
D,149.64469953401908,28.128601368478925,FALSE
C,205.1321146882934,36.17462821100932,FALSE
C,158.27008600840477,None,TRUE
C,222.25730462447132,None,FALSE
C,353.8521238321072,49.07200435342225,FALSE
E,252.30911508261892,35.1605460866067,FALSE
D,126.89830810712262,17.355989457155257,FALSE
D,107.3016379220714,13.854582012132692,FALSE
C,293.30429949514496,37.15884220581609,FALSE
C,159.07722680938545,7.519130311473952,FALSE
A,130.2962552063336,22.731405392027874,FALSE
C,164.82447695857675,2.1083216674132763,TRUE
A,212.9218669599467,27.64329300155239,FALSE
D,165.6681482007061,17.9425157233666,FALSE
A,220.1158073070522,30.917096938691717,FALSE
E,211.195296774694,31.72502570197311,FALSE
A,171.46454262963815,32.5578223371237,FALSE
B,201.2006629702288,11.382858935443679,FALSE
C,224.9524372527041,44.51605833267119,FALSE
E,206.64799967928485,2.819303533340336,FALSE
E,120.04773382922119,12.843510843872735,FALSE
B,187.86925565157776,35.58115035763851,FALSE
E,246.03230887500052,28.175127532019516,FALSE
E,175.75184016210997,32.203259989865685,FALSE
C,366.4101496413567,63.060236327025066,FALSE
D,111.23375298218642,17.018855415789517,TRUE
B,266.1712598137113,29.037766609602066,FALSE
B,101.1132532632327,0.012109520888782855,FALSE
A,91.53184565385608,16.12324198374306,FALSE
C,448.61822801908187,44.03439551046667,FALSE
E,257.23886053381943,46.71397557958771,FALSE
B,177.0276873747419,1.9913748477061368,FALSE
A,106.35493737263401,6.662376664657497,FALSE
A,152.03493298748646,28.56729661968654,FALSE
E,283.4182817343044,0.8662475627284725,FALSE
D,149.16652370772593,18.915563065607873,FALSE
E,194.91976825334967,1.3927225375112806,FALSE
A,109.18144155822921,None,FALSE
C,431.1403699054136,74.98412119024401,FALSE
B,221.07859291960725,17.537193609310307,FALSE
C,442.3097908577855,40.319078910069564,FALSE
D,98.268529518357,3.9258091325139395,TRUE
C,425.0700824039513,25.981015347480774,FALSE
A,145.1387396057866,2.294292859862231,FALSE
A,209.51049454247297,35.1939840488903,FALSE
B,146.1236655583357,3.342929224463098,FALSE
E,226.1871128498131,21.029732951075456,FALSE
D,194.03957600396802,28.135811156636358,FALSE
A,93.99498223172247,0.19077642575659493,FALSE
B,207.60570317798854,0.050369280334741855,FALSE
C,423.9680761438366,28.830047899538915,FALSE
A,77.54570778375123,12.672581204146455,FALSE
D,210.52748523128233,5.47797321984851,FALSE
A,180.46467823139207,7.366917643084585,FALSE
A,199.71120130660097,20.642681098095828,FALSE
C,204.96712127483852,7.875012205003217,FALSE
C,357.13537687352294,34.383310536808416,FALSE
E,157.48034089887446,31.25790291078078,FALSE
E,104.12890391300837,None,FALSE
C,400.8883912320695,6.473345183390935,FALSE
C,343.4510996206362,29.262490748935022,FALSE
C,185.74782271189082,12.439602646355166,TRUE
E,142.88802482662516,2.229417538762682,FALSE
E,129.1568341546381,22.355279629034676,FALSE
C,416.167854591688,76.62651094946561,FALSE
D,211.1089355969253,5.672790236515026,FALSE
A,86.77995866104476,2.209400224094593,FALSE
E,158.85646523040725,6.478430747149981,FALSE
C,420.974543225206,24.061495705794947,FALSE
D,188.80921084293482,33.760025409152945,FALSE
C,311.4616708988394,30.60758172985206,FALSE
A,141.32862928144039,15.402701039421531,FALSE
C,406.44496445680926,46.00648540016796,FALSE
D,113.24849252280144,2.1995127152090266,FALSE
C,360.1044066823359,22.686433674290374,FALSE
A,100.14931859638781,12.850878931679944,FALSE
C,287.775270136363,None,FALSE
A,97.16965525633644,4.53998104478462,FALSE
C,203.1093031449814,0.4562471708198386,FALSE
A,89.43173144556147,1.7324809493039288,FALSE
A,164.792796424839,14.013369606166634,FALSE
E,190.39097117716125,2.801754304194073,FALSE
D,141.54275989650094,12.745500731531568,FALSE
B,210.03316443623189,19.307013884735987,FALSE
A,180.20703188320513,14.919319434492646,FALSE
C,379.2065171390166,24.390005580582013,FALSE
A,143.53483698660995,6.143903511398355,FALSE
C,379.2063060781051,51.93529023396802,FALSE
B,141.55462669056445,2.5113652982461243,FALSE
A,127.33646078352314,3.570011769627296,FALSE
D,216.16057897664228,None,FALSE
D,128.5033210962571,6.4819460091064895,FALSE
C,355.3452835301971,25.315693960369817,FALSE
A,104.91528357171758,8.353162378425287,TRUE
E,128.66168334960037,21.894817446178187,FALSE
E,291.3831296866127,34.21714229318699,FALSE
E,289.16299465126815,30.47614456066495,FALSE
D,177.68136169618722,7.992051888252247,FALSE
A,135.92771001027572,26.265058728873814,FALSE
E,105.10077478098488,13.546186895501508,FALSE
E,288.9345255330312,22.131552775044554,FALSE
A,113.14717423852889,14.977101425911032,FALSE
D,176.81254647023837,17.687020034193786,FALSE
D,223.89941834549873,33.025778383838585,FALSE
A,172.63482620711665,25.79740297324862,FALSE
B,261.60843228460885,19.029260991794004,FALSE
E,193.759822505994,18.266048126370674,FALSE
C,349.0952360612776,39.72198425382755,FALSE
D,157.50003595855085,29.30929570079051,FALSE
A,78.82475132264233,None,FALSE
B,162.51448156477045,3.316326446233078,FALSE
D,140.21043607825604,7.728386146421047,FALSE
E,144.61755968291087,3.59556372516174,FALSE
E,289.91082317494386,None,FALSE
E,202.4965779335644,37.183563445279205,FALSE
E,144.87565827440255,None,FALSE
A,144.3145251851236,18.720081231062096,FALSE
E,164.62990009519473,10.20787839134931,FALSE
C,303.89937495605255,27.454826289675722,FALSE
A,183.25560537025262,10.881152295291356,FALSE
D,141.99255200317296,25.399165297878486,FALSE
E,228.64158493560276,2.865262500151993,FALSE
C,277.4412610415361,54.396141664389674,FALSE
C,243.5868208472108,24.319347580497993,FALSE
B,149.70931095354717,1.6410595630995357,FALSE
E,291.6477655504421,49.785922633254565,FALSE
B,116.56075890480145,None,TRUE
A,142.41484503815153,18.913023670696514,FALSE
E,256.231705185667,18.903365812053906,FALSE
E,130.08806077459894,0.2072495832371349,FALSE
D,222.1418954268722,None,FALSE
B,101.99550291263468,16.678299087736093,FALSE
B,282.4723236263,56.0587694764062,FALSE
A,110.37004098590465,11.521141881061734,FALSE
D,98.46988475320647,3.370529444508824,FALSE
D,162.12346580588715,14.590533462677731,FALSE
E,144.6818256102477,5.7697795159715275,FALSE
D,88.68650720962644,0.8104185868427923,FALSE
B,284.5628238368291,49.211789564886274,FALSE
D,92.867937272793,8.72534892719004,FALSE
B,124.86088753284317,0.21158417667589566,FALSE
C,264.13076055013903,4.560416188960922,FALSE
A,214.49584939408874,13.37727774015289,FALSE
E,148.99798330607442,1.4065275571930946,TRUE
C,200.20132605115455,17.72738754211107,FALSE
A,81.07026596837274,15.011902339881786,FALSE
D,76.93771299897637,7.54486330289181,TRUE
D,108.04263733679142,10.690985668501584,FALSE
A,123.66097408001451,8.13695545069258,FALSE
C,404.5233084358214,51.38284064988089,FALSE
D,182.25236438865545,33.3143049103221,FALSE
E,178.76989133777914,33.035073737711926,FALSE
C,224.4965550240173,16.608346317393988,TRUE
C,363.214162613558,48.36948254254505,FALSE
D,134.77379685875144,26.861665493072845,FALSE
B,231.17498497704528,7.087471454014727,FALSE
D,81.6135097664698,5.716271403731385,FALSE
C,202.01097262261166,35.211646979555084,TRUE
